rowid,x,y,ksat,PC1,PC2,PC3,PC4,PC5,PC6,PC7,PC8,PC9,PC10,PC11,PC12,PC13,PC14,PC15,PC16,PC17,PC18,PC19,PC20,PC21,PC22,PC23,PC24,PC25,PC26,PC27,PC28,PC29,PC30,PC31,PC32,DEPTH
1,555500,541500,267.6580467,4.405254723,-3.861188883,-0.397550928,1.67436365,0.45287659,-0.562637301,-0.408374391,1.144623499,-0.222960896,0.107890506,0.621206815,-0.216485233,0.03839996,-0.526479102,-1.672923247,-0.777487774,-1.296009974,-0.524882056,-0.284053118,-3.360609948,-1.25802496,0.792648479,-0.16061253,0.170756413,0.271398439,-0.314183779,0.01050164,-0.095203857,-0.029426574,0.104420627,0.00144385,0.486842358,35
2,556500,541500,229.4663188,3.99102488,-1.964000546,0.384603269,-1.62233583,1.354880709,1.462735294,-1.459045245,0.075961268,-0.182119838,0.419184997,0.235348652,0.104546759,-0.248074383,0.430680933,-1.171822527,-4.254969242,-1.126209479,-0.457670922,-1.943014118,0.855867397,-0.921768547,-0.180240408,-0.356492301,0.005098275,0.403992636,-0.059270453,-0.062896874,0.009748213,0.051365936,-0.904005087,1.371634823,-0.296601441,35
3,557500,541500,220.1294556,4.10840822,-3.696976537,-0.067223543,1.775541956,0.152933578,-0.409359382,-0.455021812,0.906282861,-0.098738763,0.054116893,0.571578249,-0.185059543,-0.025120732,-0.175246498,-1.592673121,-1.757749968,-0.339229034,-0.379185014,-2.670244942,0.54564125,-0.420584103,-0.061292005,-0.151001601,0.050531979,0.108390574,0.017569547,-0.09728551,0.101511921,0.044799676,0.017767667,0.048814433,-1.679644449,35
4,558500,541500,428.6321568,3.586501493,-2.405933634,2.450420514,0.839346596,-1.556031715,-0.01884166,-0.250916145,0.003718973,0.160648411,0.150416641,-0.264856564,0.048305214,0.002281669,0.307911632,-1.71E-04,-1.090542484,-1.660088179,0.509899641,0.533745543,-3.12056925,-1.756287801,0.56236148,-0.286299969,7.11E-04,0.63428626,-0.36792126,0.043568354,-0.248850093,-0.039174788,-0.638402594,1.333902648,1.769493403,35
5,559500,541500,218.723053,3.920058579,-3.401353455,-0.249376869,1.800834485,0.04141963,-0.546753495,-0.008849965,1.047162613,-1.206582626,1.061640986,0.107877462,-0.065983528,0.015701889,-2.416203659,0.017707988,-1.255257992,-0.412054111,0.027195324,-2.782897929,0.54944079,-0.392279592,-0.059579362,-0.145694714,0.048184907,0.176972493,-0.029617566,-0.091069184,0.085083872,0.04171061,0.098637625,0.360329239,-1.793698186,35
6,560500,541500,218.723053,3.472283857,-3.302521877,-0.439829612,2.218859633,1.65E-04,-0.523468541,-1.058112233,0.610605565,-0.556911338,0.701601018,-0.062059846,-0.178641944,0.014310591,-1.212109953,1.039574632,-0.751572243,-0.264885833,-0.837908111,-3.009953509,0.540188844,-0.327370841,-0.077615916,-0.180779636,4.94E-04,0.013607242,0.046349231,-0.10115729,0.10855613,0.040003205,0.232947101,0.06138021,-1.511181501,35
7,561500,541500,64.22958374,3.311698739,-3.262293189,-0.458622641,2.238530594,0.203156494,-0.627371336,-1.354448202,0.435675702,0.02468638,0.141942772,0.07165275,-0.255693314,0.047316657,-0.102352475,0.672556545,-0.392977777,-0.162022401,-1.81256672,0.282094534,-0.519457687,3.486864222,1.019020034,-3.445359627,-1.242343957,0.253959057,-0.022327343,-0.155884164,0.141006032,-0.004966549,1.891690703,0.562481903,-0.931266648,35
8,562500,541500,170.2649536,4.087721402,-4.14800347,-0.462806631,2.106128089,0.555950402,-1.153709769,-0.757488799,0.883510526,-0.191226852,0.329962604,0.421022384,-0.211264933,0.059726412,-0.722232966,-0.614736445,-0.240785978,-1.464466675,-1.380592925,-0.834104554,0.100663081,3.85956297,-0.577084158,4.120847995,-0.758181145,1.693958621,-0.932540998,0.026888199,-0.564627179,-0.109457108,-0.615285171,0.540675044,0.912296737,35
9,563500,541500,64.22958374,3.367522652,-4.115538289,0.087770258,1.031723261,-0.226867172,-0.95635579,0.748004472,-0.465783748,-4.37223998,1.809270732,0.127038703,2.955997204,-27.7467105,-0.510587547,0.621154759,1.012227763,-1.061049851,-0.057067592,0.470050251,-2.560999417,-2.012021133,0.456462261,-0.439474236,-0.159973031,0.569190971,-0.420431652,-0.156367103,-0.429019388,-0.086967568,-0.579172615,1.890153724,2.114846959,35
10,564500,541500,364.6983967,3.332828013,-2.074802944,2.898526528,0.816718079,-2.000114029,1.46E-04,0.566453303,0.113474916,-0.772978978,0.918035203,-0.403683628,0.16686724,-0.048135352,-1.42136468,0.592893972,-2.082399668,-0.619634801,0.733058138,-1.950850889,0.763303391,-0.924688292,-0.28220674,-0.25740318,-0.115766453,0.470348004,-0.098504507,-0.051634036,-0.05358911,0.032703234,-0.739952438,1.463890246,-0.289114554,35
11,565500,541500,1127,3.021806809,-0.117881283,-2.359364683,0.879360221,-1.260994657,0.801025566,0.962188153,0.001248515,-0.350045592,0.353447155,-0.178586554,0.114683869,-0.00519445,-0.293939028,-0.129415015,-2.051420374,-0.297567146,2.08928678,1.207031935,-0.00339452,-0.409330568,-0.273730879,0.177083441,-0.207649563,0.450171011,-0.110862596,-0.001108632,-0.173551496,-0.036381216,-0.453516464,0.948224835,-0.287500905,35
12,566500,541500,1077.20053,2.999809253,-0.570217727,-2.337945916,0.978519363,-1.253037385,0.866288773,0.610426912,-0.234849822,0.064322338,0.07040302,-0.126988035,0.019721738,-0.019269171,0.466900121,0.110520483,-1.989283446,0.047176061,1.365616054,1.308238304,-0.035548208,-0.423031635,-0.309626127,0.212796514,-0.214230673,0.354502992,-0.079480766,-0.009697033,-0.165530408,-0.032712133,-0.615610975,0.599938043,-0.121720587,35
13,567500,541500,170.2649536,4.087972878,-3.667412718,-0.860762692,2.642323917,0.527943731,-1.056264807,-2.525479159,0.195598801,1.127981061,-0.516451028,0.213702466,-0.367113763,0.06324576,1.817538653,0.275458041,0.367449321,-1.392397494,-2.045917351,-1.043715925,0.088901227,3.93685829,-0.61197655,4.062207314,-0.875235319,1.56059455,-0.842809098,0.032172948,-0.53673872,-0.113945283,-0.354608195,0.255463123,1.080453268,35
14,568500,541500,95.35639107,3.333680397,-3.41653895,-0.147762074,0.950422803,-0.096808035,-0.100759277,-0.383441433,-0.87227775,-3.332950536,0.945001654,0.110484729,2.805416264,-27.71284843,1.629577219,0.669963524,1.508351399,-0.021398852,0.218546937,0.526662919,-2.684943678,-1.883114588,0.453155557,-0.321420143,-0.220799201,0.556037761,-0.361275043,-0.157848718,-0.439593275,-0.092427588,-0.238910981,1.292961263,2.052301311,35
15,569500,541500,75.58710263,3.550842163,-1.528083124,-1.632638867,1.912103861,-0.512089994,0.510906218,0.514455626,0.004320844,0.172188918,-0.084761079,0.120953238,0.050974756,-0.042217762,0.405547591,-0.511530714,-1.371143633,-0.736654652,-0.030917642,0.106985421,0.518769292,3.142098592,-0.801551931,3.925847694,-0.955600465,2.250248576,-1.039408248,0.130596032,-0.787385688,-0.119955296,-1.475261767,2.257690358,2.4851742,35
16,570500,541500,207.9468549,4.005405492,-2.457785261,-1.066741437,0.869868468,0.207931524,-0.546065017,-0.275084303,0.911884583,-0.318041483,0.3875125,0.26079987,-0.180096486,0.10557606,-0.750266178,-0.937644453,-0.393200983,-0.697071911,1.268830796,0.132491953,-0.391478422,0.266545346,-0.04851307,0.333655013,-0.067646814,-0.051447587,-0.008489149,-0.080929151,0.029791057,-0.022831969,0.564375168,-0.649236718,-1.836119381,35
17,571500,541500,116.342824,3.912478842,-1.69261623,2.741117291,0.832687391,-1.294052812,0.203376765,-0.694277389,-0.141830337,0.934036588,-0.547469371,0.116696884,-0.09509981,0.019298741,1.721197132,-0.764772544,-0.730652282,-0.545235574,-0.193052202,-0.026231657,0.177163321,3.424769942,-0.781649239,4.133814091,-0.989134891,1.996398145,-0.995380571,0.078844521,-0.716281143,-0.126023377,-1.105017794,1.086377438,2.441644371,35
18,572500,541500,140.1070557,4.513318813,-3.588942948,-0.398599691,2.037731348,0.7614013,-0.920814593,-0.844967728,0.841440579,0.065762731,0.067138466,0.444356834,-0.246402343,0.032850935,-0.243969581,-0.842564891,0.134881418,-1.322372636,-0.933127852,-0.613627395,-3.410237781,-1.201192053,0.782788016,-0.23757422,0.124987406,0.121235459,-0.271994539,0.016705835,-0.065610443,-0.024040119,0.2369854,-0.072587871,0.748392459,35
19,573500,541500,1306.76114,3.428695844,-2.089386208,0.044490131,1.869575644,0.457635875,-0.430148577,-0.638211255,0.74507221,-0.331655908,0.67648238,0.092913665,-0.098975529,-0.163857184,-0.862915614,-0.245376711,-0.047116519,1.404263344,-0.693215845,-0.749649451,-2.37701534,2.858120404,0.621477548,2.649264334,1.077639039,-7.153231166,1.510560527,16.97193518,12.33089842,2.638631035,-0.361143118,3.374942973,-1.570354399,35
20,574500,541500,1554.25,3.504146654,-1.559286783,-1.067649917,0.870356822,0.24168829,-0.162726442,-0.707577875,0.834452266,-0.148735941,0.184188654,0.245919984,-0.23194656,0.123323636,-0.36531502,-0.745249589,-0.076792284,-0.083269313,1.38954265,-0.075764997,-0.545761339,0.431123868,0.00222894,0.422861228,-0.080067133,-0.124092081,0.004060412,-0.082945751,0.042012983,-0.029458547,0.910558769,-1.12015325,-1.717529283,35
21,575500,541500,140.1070557,3.979355709,-1.13120632,-1.769872489,2.318312889,-0.730535643,0.352080672,-0.391270287,-0.424908758,0.750534911,-0.424668894,4.56E-04,-0.063565926,-0.089687606,1.536704713,0.344520969,-1.225613748,-0.771581322,-0.990519834,0.416155217,-2.984586887,-1.913016662,0.504049629,-0.437941237,-0.083756112,0.509472892,-0.326219364,0.101370381,-0.253312254,-0.037350133,-0.837245991,1.295031465,2.511636026,35
22,576500,541500,123.6882629,3.982918575,-1.052260921,-1.713441553,2.211476178,-1.144070147,0.813368653,-0.289074095,-0.642385627,0.503285823,-0.128960146,-0.307866825,0.008217412,-0.110324676,1.243451892,1.125130882,-2.075403218,0.436078543,-0.342275944,-1.699538822,0.994460762,-1.129345676,-0.391893592,-0.385763713,-0.204030931,0.494867595,-7.70E-04,-0.01029251,-0.098644444,0.035822268,-0.976682245,1.528947331,0.028762879,35
23,577500,541500,140.1070557,3.945552546,-2.141100911,-0.579825824,1.181159912,0.502627673,-1.228448075,-0.140557308,0.740637689,-0.247093349,0.456795625,0.422271315,-0.269349665,0.065251509,-0.994028569,-0.509971459,0.30031661,-0.310808936,-0.490762854,-0.104888858,-0.513276797,0.326878203,-0.056979124,0.32189283,-0.035612652,-0.408543041,0.033423888,-0.085340275,0.107019184,-0.007971054,0.3428078,-1.391691068,-1.278192856,35
24,578500,541500,126.1133498,3.207429791,-2.440509241,0.062856435,1.234063277,0.570223715,-1.140845833,-2.284139316,-6.496147884,-0.899558658,-0.39849773,0.979085183,-0.080540484,0.387462543,-0.304355924,-0.329946073,-0.903506758,1.965622139,0.695893717,-1.931606569,1.261909982,-1.437704093,-0.518573072,-0.513305682,-0.563275287,0.716184374,-0.069407109,0.099498804,-0.236466871,0.009609622,-0.651069919,2.095071274,0.176400996,35
25,579500,541500,111.1452408,4.497905708,-3.334239651,-0.597030878,2.024785393,0.472878433,-0.517834458,-1.276244643,0.272550573,0.188268387,0.090627548,-0.046138803,-0.245230569,0.072422922,0.122969665,0.778520641,0.056298795,0.193517207,-1.250290481,0.665663356,-0.490464378,3.415070931,0.947627031,-3.413672728,-1.249711527,0.371054791,-0.003612856,-0.158221266,0.105648721,0.00102696,1.74922086,0.658824691,-1.278083477,35
26,580500,541500,112.1894838,4.670811497,-3.699410303,-1.159693443,2.476244387,0.755537284,-0.701514478,-2.566768848,0.042258511,1.079683944,-0.396330042,-0.162775997,-0.332354169,0.075183248,1.679244156,1.040517753,1.033888901,-1.378446561,-0.891333957,-0.484524809,-3.327311648,-1.197534184,0.695308783,-0.285881321,0.020098334,0.189768519,-0.188163592,0.014889597,-0.088403823,-0.025828104,0.353421446,0.107933695,0.442643592,35
27,581500,541500,214.9395931,4.903748846,-3.625659568,-0.770818285,2.230902856,0.89665687,-0.851110286,-1.895705573,0.341260331,0.975450154,-0.432926691,0.249743149,-0.319361993,0.088558691,1.437614695,-0.247588308,0.753175132,-1.036798906,-1.236470852,-0.804305935,0.140643692,3.848482401,-0.641677749,4.07546635,-0.862521627,1.707964615,-0.8581024,0.042597565,-0.577855857,-0.106428112,-0.443476509,0.463573198,0.791298388,35
28,582500,541500,112.940456,4.57217385,-2.447304196,-0.004245119,-0.001234417,0.555781114,0.162449507,1.720799127,-0.60403878,-1.996922946,-3.529186718,6.799903619,11.5697739,1.618993504,3.376966757,3.993761839,0.727183337,-2.477426189,-1.401669335,-1.489312633,0.221130203,3.77608743,-0.587368671,3.935286052,-0.988146323,1.709084137,-0.80691896,0.074021486,-0.381681971,-0.082968736,-0.529941205,1.029747685,2.029587734,35
29,583500,541500,170.5067876,5.014308354,-3.757160795,-0.924390249,1.985637557,0.923691784,-0.655318429,-1.434907805,0.4379448,0.353075732,0.097065171,-7.13E-04,-0.246878938,0.127024907,0.222250542,0.428626024,0.993309566,-0.808282124,-0.563485352,-0.572532548,0.157298738,3.836486811,-0.660182564,4.136598772,-0.828118069,1.843897999,-0.875857622,0.032782001,-0.613800272,-0.105136322,-0.489179832,0.651952092,0.467619868,35
30,584500,541500,1016.400024,3.750567756,-0.832433988,-0.79289846,0.680404114,0.457134447,-0.095258619,-0.193420667,0.850022803,-0.623744576,0.584481267,0.236244236,-0.27129712,0.146685756,-1.473057039,-0.063354217,0.686059672,1.061724479,0.850111239,-0.031350197,-0.705994761,0.5276072,-0.011439965,0.551035142,-0.045999034,-0.283377851,0.0148506,-0.088050201,0.065125611,-0.02213006,0.864204538,-1.864376893,-1.548268484,35
31,585500,541500,110.0718918,3.657980153,-2.083682088,0.104564173,0.939512684,0.119223982,-0.062393686,-0.487100421,-0.918124922,-3.237480001,0.814799879,0.214348676,2.751296957,-27.70867306,1.702260866,0.673841607,2.125026998,0.725367984,-0.065226912,0.298559312,-2.83206438,-1.752147865,0.479754393,-0.257594308,-0.228956406,0.403170241,-0.339245243,-0.15991214,-0.412320206,-0.094588863,-0.007857626,0.706251697,2.296828916,35
32,586500,541500,166.8000031,3.30010104,1.066711969,-0.879392855,-2.136590201,1.65505427,1.654323999,-2.729086917,-0.563643162,0.183672078,0.500311394,-0.530466122,-0.023905692,-0.064488515,0.812857139,1.572573405,-1.186589709,-0.366771414,0.752822463,0.438666437,-0.312681656,0.081372099,-0.145186334,0.215239621,-0.16880629,0.004501439,0.018276718,-0.058872089,-0.01909365,-0.020001448,0.23466867,-0.212451403,-0.245001685,35
33,587500,541500,81.5135498,3.315876986,-1.267538365,-0.301018429,1.514251301,1.368010592,-1.32268432,-3.481072678,-6.896902593,0.079139076,-0.996403496,0.876219098,-0.252318766,0.524413117,1.199957958,0.415963722,1.465392599,1.682992378,0.743465201,0.692190878,2.866357373,-0.949044062,3.330060141,-0.173525854,0.185374265,-0.636785224,-0.460625458,0.176116709,-0.102907446,-0.026936141,-0.238196238,0.143743748,2.754252595,35
34,588500,541500,91.74234009,4.427686143,-2.638129957,-0.670264192,1.230614646,1.211107596,-1.306428686,-2.880707362,-6.71224444,-0.480719025,-0.539283636,0.738447742,-0.152364863,0.525526894,0.204843497,0.519556913,0.994208671,1.045345541,1.665086621,0.623157441,1.475463727,0.329810667,-4.275374601,-2.582218293,2.722154778,-0.858070739,-1.339812881,0.319538865,-0.39458315,-0.04783015,-1.67930609,0.491569027,2.987868812,35
35,589500,541500,78.92710327,4.889411969,-3.023889944,-0.89482189,1.124241595,1.063958805,-1.093853463,-2.97602793,-6.789759085,-0.420779736,-0.555042345,0.645264889,-0.157772577,0.541411668,0.429449103,0.721235488,0.798929401,1.165618703,1.848858924,0.918283374,1.531019848,0.26336921,-4.325763785,-2.552635838,2.710986407,-0.766163542,-1.330607992,0.313645259,-0.4226086,-0.04900075,-1.795179439,0.572055666,2.788714519,35
36,590500,541500,123.944036,5.946036295,-3.189257569,-0.761295009,1.720720004,0.943095233,-0.433182521,-0.921415009,0.685983648,-0.033306625,0.276839966,0.121300948,-0.235570352,0.136611278,-0.510582724,0.127867759,1.050008336,-0.232350907,-0.234268878,-0.617251533,0.112882028,3.808354798,-0.670589454,4.187607182,-0.877487767,1.863570872,-0.919393203,0.047991252,-0.635197715,-0.112210297,-0.395276852,0.553878062,0.622704726,35
37,591500,541500,329.3628114,5.787180884,-2.82526689,-0.891485384,-1.091851668,0.868680377,1.643200783,2.05167709,-2.758919283,-0.075930047,-8.113761049,-4.868869845,-1.675186245,-0.177353004,2.128329515,1.102883997,0.516300218,-2.118387618,0.083692192,-1.198923276,0.661474847,1.565505709,-3.679608,-2.241040729,3.279528504,-1.737188149,-1.082913665,0.143869337,0.049106813,0.006894493,-0.661082479,-1.522838506,2.571288799,35
38,592500,541500,327.6553,5.818072052,-2.406633164,1.891912852,0.555132298,-1.096933684,0.900931598,-1.379647152,-0.704161465,1.554059534,-0.75207474,-0.477079019,-0.110329958,0.105128014,2.931519711,0.517819035,0.132513946,0.010126657,1.096638029,0.779122786,0.361930752,3.225612856,-0.965657734,4.158139596,-1.09089082,2.347846055,-0.943345189,0.084021985,-0.821274675,-0.121080814,-1.281641592,1.594769218,1.622501417,35
39,593500,541500,104.5663073,6.517802083,-3.791482699,-0.989995384,1.799984274,1.049656277,-0.623539574,-1.329558245,0.439645195,0.691172277,-0.248355236,0.167724992,-0.25476754,0.129196503,0.935079478,-0.474404342,0.71857581,-1.186628292,1.017359787,-0.021271765,0.794616936,1.296844498,-3.879697729,-2.2658379,3.278610909,-1.412376946,-1.220167887,0.129998071,-0.076216527,-0.009752995,-0.978404818,-1.358447621,0.99238825,35
40,594500,541500,380.3481445,5.9486449,-2.630659561,-0.901505687,0.941667413,0.657557393,-1.017131697,-0.271226694,0.555673767,0.238383657,0.146460027,0.322044684,-0.258659746,0.086115192,-0.044982643,-0.784627384,0.422002707,-0.28797538,0.383452082,0.398323442,-0.342548456,0.105851346,-0.178098341,0.284159218,-0.115101209,-0.157668838,0.039351135,-0.072514322,0.035068324,-0.006447783,0.129994679,-0.848947009,-1.71729288,35
41,595500,541500,145.1458298,4.738913378,-2.411886006,-0.318163062,0.843317064,1.347595661,-1.200503761,-1.860254798,-6.240176497,-1.036741296,-0.283739625,1.013715852,-0.094036544,0.524035381,-0.86725467,-0.522563224,0.817225893,1.278352776,2.127931644,0.549961859,1.467406489,0.288297082,-4.242751843,-2.569159745,2.739786619,-0.81598305,-1.395623257,0.33583624,-0.40659741,-0.046787638,-1.657838868,0.554490168,3.073715404,35
42,596500,541500,82.27922821,5.835057466,-3.015091949,-0.645210448,1.867618117,1.074567079,-0.594567399,-1.26071073,0.523455325,0.44547648,-0.074447807,0.231998591,-0.29130035,0.118546014,0.337620973,-0.117834643,1.211025882,-0.221286001,-0.740793693,-0.703878557,0.07403838,3.840784017,-0.663409183,4.167193553,-0.878620901,1.758970826,-0.894487578,0.053189578,-0.606108756,-0.107266461,-0.41426786,0.305432396,0.751101828,35
43,597500,541500,164.0684357,5.984879197,-3.317468345,-0.579470372,1.51172061,1.22366337,-0.112904383,-0.908325747,0.717094081,0.508068133,-0.275119522,0.409270069,-0.292076157,0.127376836,0.542771835,-1.020816385,1.049602852,0.048197848,0.019767788,-0.60618795,0.093393879,3.78737704,-0.657294748,4.194591684,-0.893048962,1.884154905,-0.921587864,0.062723566,-0.641094726,-0.10782021,-0.360964831,0.455003826,0.64743487,35
44,598500,541500,309.0184012,6.137061422,-3.196077011,-0.710882467,1.539968296,1.143748203,-0.24932098,-1.20739376,0.570262155,0.774336117,-0.222805971,0.551331621,-0.588732465,0.176494991,0.900556288,-1.11293134,0.970906438,1.511916209,0.74067562,0.317219706,-1.151541526,2.001591193,-1.157710538,1.92926077,-0.842727387,-2.989487571,6.350261592,-18.45275952,21.3225548,-0.233911293,-3.095945702,1.894795912,1.725728927,35
45,599500,541500,188.6793886,3.548810687,-1.379903333,-0.293213878,1.450774587,1.220928473,-1.598531295,-2.585589073,-6.52165623,-1.231451486,0.093965578,0.666430872,-0.131326491,0.519959526,-1.463234136,1.481015037,1.8111228,1.7296166,-0.19903927,-0.373954652,0.786490588,2.939686892,-1.028695567,3.78344296,-1.409541655,2.229002006,-0.987654328,0.226334054,-0.904031952,-0.148408309,-0.932582187,2.29421718,2.894970249,35
46,600500,541500,258.2508545,5.163800521,-2.093159535,-0.316398082,1.938879393,1.206610171,-0.65289434,-1.046942489,0.834921252,0.224174994,-0.059027997,0.426422927,-0.266994743,0.102640612,-0.13878159,-0.734408472,1.379704888,-0.423151274,-0.539993114,-1.373645873,0.023527469,3.949891811,-0.558746401,4.095420105,-0.904159761,1.664959118,-0.923696735,0.068505473,-0.578525264,-0.115739324,0.033486853,0.383720374,1.149225666,35
47,601500,541500,552.25,5.605249872,-2.599381101,0.12832895,1.61463337,0.908905329,-0.211825546,-0.511445817,0.809761153,0.451427835,-0.416023418,0.670937681,-0.218233565,-0.01062141,0.605309676,-2.201492254,-0.489839591,0.298808053,0.524820995,-2.958116565,0.477587848,-0.406715189,-0.073627034,-0.194341977,-0.068101049,0.116221417,0.020823769,-0.062494775,0.08522904,0.045350145,0.385482373,0.089293044,-1.554895461,35
48,602500,541500,266.259015,5.9539749,-3.29975019,-0.675933778,1.739155365,1.117970836,-0.269084262,-1.495414057,0.570683129,1.045957513,-0.706184878,0.472635141,-0.313592672,0.104519036,1.65871986,-1.418879777,0.709789046,-0.486692813,-0.037967123,-0.676607114,0.119196449,3.801855483,-0.64460065,4.13916982,-0.912864441,1.876870051,-0.901926614,0.058012171,-0.626862005,-0.11283915,-0.285045725,0.582944084,0.64196838,35
49,603500,541500,171.2518921,4.800136275,-0.706533986,-0.049209939,-1.579753017,2.327629114,1.342272359,-1.913849499,-0.284393761,-0.37350588,0.837188492,-0.212538707,-0.016623411,-0.078392766,-0.540132391,1.339346962,-0.952463552,-0.498793777,-0.117311224,0.290710136,0.688279186,1.144179601,-3.896534145,-2.229472327,3.320596049,-1.476700777,-1.313655817,0.151500961,-0.099590432,-0.002484877,-1.661763341,-1.405486043,2.939755401,35
50,604500,541500,258.2508545,4.422830561,-0.810514031,2.424168616,0.996465756,-1.022934386,0.041030341,-0.882662089,-0.363388563,0.475229832,0.092424779,-0.511277621,-0.017785787,0.078001774,0.549011344,1.249986854,0.752358044,-0.434279386,0.340238791,-0.204164348,0.208080933,3.460118632,-0.818047422,4.080855308,-1.045186574,2.050377321,-0.983529913,0.090453866,-0.73768402,-0.125640943,-0.889787391,1.419211938,2.264569278,35
51,605500,541500,215.5312347,5.079014846,-2.313684248,-0.317305684,1.755099726,0.89257145,0.206619981,-1.389862376,0.40283737,0.71240546,-0.438097239,0.223050904,-0.270163445,0.040864003,1.126942845,-0.612812617,0.262728843,0.826275623,0.566618712,-2.927266361,0.437571488,-0.303849484,-0.094211401,-0.136113493,-0.086786111,0.114672507,0.082488529,-0.075407556,0.074888418,0.04532209,0.58761772,-0.161738012,-1.712018928,35
52,606500,541500,258.2508545,5.282715544,-2.416474315,-0.301382356,1.587677435,1.24864193,-0.348701929,-0.580456502,0.912691151,-0.03542474,0.091734437,0.451577966,-0.254300929,0.121572053,-0.579859282,-0.892649213,1.21191449,0.133093654,-0.168373801,-0.96591667,-0.056344964,3.953877381,-0.574785492,4.229470388,-0.847302796,1.742008457,-0.940005232,0.058950754,-0.598668641,-0.11040212,-0.137836179,0.136942007,0.885055949,35
53,607500,541500,989.8745266,4.967742271,-1.387963997,-0.033459614,1.57578701,1.300852167,-0.159367806,-0.646374609,0.903865065,0.011034991,-0.069184042,0.576407784,-0.323105721,0.085394254,-0.462272937,-0.982025007,1.405265243,0.653821409,-0.394601086,-0.831396872,-3.731911693,-0.953911245,0.834647318,-0.026528787,0.100143468,-8.49E-04,-0.270777148,0.031573744,-0.058117751,-0.026875202,0.756416466,-1.124865618,0.939123642,35
54,608500,541500,438.7219514,5.39413991,-2.333193697,-0.501314984,1.612135826,1.17661435,0.067864325,-1.351578225,0.538188667,0.627788127,-0.445602692,0.37154946,-0.353775282,0.096935278,0.852437001,-0.639203852,1.177664267,0.460534842,-0.095725523,-0.356185079,-3.627528588,-1.058648045,0.755245782,-0.018283348,0.07838581,0.163859795,-0.237813475,0.019195904,-0.101857864,-0.027057326,0.548189735,-0.846228771,0.527889224,35
55,609500,541500,354.8507048,5.657994094,-3.031437764,-0.710656093,1.778481934,0.978894893,-0.14272179,-1.41921338,0.410725237,0.488672107,-0.162498798,0.160220973,-0.354959601,0.099118265,0.536311417,0.290577117,1.185533597,0.215923215,-0.62017564,-0.2175123,-3.512120734,-1.175730997,0.684642827,-0.072349748,0.046333096,0.171318316,-0.233996356,0.022189685,-0.109182843,-0.023879486,0.289865167,-0.633352188,0.531551602,35
56,610500,541500,288.0221448,5.091922617,-2.642380268,-0.634162108,1.987540992,0.981215615,-0.394011348,-1.56814199,0.277322167,0.261284312,0.14762931,0.064187688,-0.387042683,0.137314746,-0.067964305,1.341040228,1.720026124,0.80353847,-1.700058972,-0.724173329,-0.132444376,4.030075525,-0.661030747,4.327147192,-0.839937836,1.529947149,-0.844937788,0.024737809,-0.572474541,-0.107551143,-0.35866011,-0.625319196,1.017180699,35
57,611500,541500,258.2508545,5.519340146,-2.811095193,-0.946561655,2.22763757,0.782454261,-0.589609268,-2.084487309,0.189124907,0.592903447,-0.033075805,-0.064205234,-0.355507568,0.13170803,0.654257059,1.343842298,1.467706875,-0.094489456,-1.461924416,-0.801593796,0.057346623,3.914075457,-0.689364063,4.176424769,-0.915850554,1.643803245,-0.843564218,0.037999362,-0.589307731,-0.113956955,-0.313217854,0.045767043,0.906282515,35
58,612500,541500,258.2508545,4.924175402,-2.130263431,-1.775195722,-1.492859852,-2.228224397,-1.603412393,-2.152252603,-0.02141573,0.920323112,-0.525410252,-0.045037258,-0.083633922,0.016670955,0.732855727,1.428315703,1.270733331,0.428625629,-1.174982818,-0.905577155,0.583189034,3.347864685,-0.738279414,3.693704114,-1.031108149,1.980556422,-0.913684204,0.173614699,-0.740867237,-0.116383988,-0.86421456,1.880723347,2.97587674,35
59,613500,541500,274.154659,5.206596452,-2.280881075,-1.647309803,-1.612242917,-2.28100803,-1.503314189,-2.006089808,0.024711566,1.012317578,-0.675362354,0.148689878,-0.12345225,0.004417804,0.964058452,0.941542987,0.955171826,0.734346266,-1.423432235,-0.76404287,0.54077687,3.322031132,-0.752737363,3.747047927,-1.032110521,1.952105023,-0.925762808,0.176224995,-0.73882975,-0.115910411,-0.990472538,1.621451951,3.059504326,35
60,614500,541500,285.5392858,5.011449627,-2.331721451,-1.863930714,-1.439152487,-2.092298909,-1.806159371,-2.306182652,-0.139679966,1.229105592,-0.771041547,-0.013718165,-0.07591325,0.012107944,1.332081014,1.021992953,1.061166213,-0.333348674,0.133430695,-0.449648356,1.157586106,0.92385906,-3.90172996,-2.702942927,3.151540701,-1.334786597,-1.246034555,0.256910902,-0.171088513,-0.015400033,-1.353458232,-0.214634686,3.425428778,35
61,615500,541500,227.3670807,5.312646148,-2.500724976,-2.163208629,-1.483175745,-2.218221091,-1.542701587,-2.567323819,-0.196207522,1.320087831,-0.813011148,-0.1753256,-0.065814015,0.033891009,1.616189213,1.300235329,1.018944731,-0.428315995,0.605577403,-0.338349966,1.26065819,0.859045394,-3.933907607,-2.724236664,3.110549708,-1.203341854,-1.240891904,0.256706907,-0.207336136,-0.020796609,-1.301894505,0.113008373,3.230416052,35
62,616500,541500,209.5227447,6.2952433,-3.737568329,-1.037171154,2.090098062,0.81300651,-1.215193264,-1.113542361,0.497046671,-0.073059294,0.492730345,-0.102611324,-0.173862206,0.123222872,-0.650328469,0.733478611,0.769082665,-1.734470653,0.506454499,-0.16558246,0.843873603,1.298925078,-3.878800728,-2.316258491,3.313704167,-1.467199043,-1.227691935,0.113351489,-0.061031953,-0.011833113,-1.074129573,-1.140883078,1.075118666,35
63,617500,541500,317.3140129,5.632635269,-2.308472442,1.639217107,0.981292031,-1.33362361,0.208227513,-1.516212767,-0.832237848,0.967772409,-0.088959063,-0.874120962,-0.044736023,0.112217448,1.70324483,2.132760628,0.248092142,-1.072244705,1.585788573,0.996604404,1.013502259,0.816693085,-4.146107872,-2.292072404,3.09966607,-1.067702125,-1.262473404,0.148042064,-0.23835199,-0.026130321,-1.788243383,-0.36812542,2.267514294,35
64,618500,541500,496.1639923,6.83081689,-4.159557732,-0.766164093,1.774969823,0.737666918,-1.030033072,-0.557667263,0.766591466,-0.068968737,0.347027418,0.245068414,-0.180076975,0.097535192,-0.559595688,-0.490026365,0.211707695,-1.169608472,-0.552171834,-0.284533444,0.302092369,3.60808141,-0.730748495,4.088755169,-0.845776235,1.941069509,-0.924011034,0.035923235,-0.641032013,-0.107879036,-0.859043441,1.058696656,0.459330892,35
65,619500,541500,155.1184737,5.252904711,-2.250811314,-2.113117349,-2.946951766,-2.612922568,-1.630388909,-0.216269041,0.369589862,0.045654374,0.09459996,0.005334422,0.07511976,0.020282258,-0.781470223,0.165526827,0.081738412,0.368865213,1.455593749,0.652227603,0.253930491,-0.504674484,-0.272972774,-0.133472033,-0.224608742,0.379108058,-0.042325197,0.047807153,-0.169640352,-0.015816249,-0.438536021,1.287017438,-0.073320766,35
66,620500,541500,28.74015082,5.072904589,-2.053648576,-2.086443802,-2.903394306,-2.577100527,-1.587091952,-0.370096107,0.312829076,0.147201444,0.013865183,0.00928358,0.05106123,0.020637019,-0.599951933,0.258914404,0.219513753,0.52706254,1.320164411,0.579787218,0.211716415,-0.459890047,-0.26143988,-0.117058652,-0.2234555,0.33121696,-0.030647951,0.045600582,-0.160791536,-0.015982854,-0.372595959,1.118025034,8.90E-04,35
67,621500,541500,346.1855268,5.996426625,-3.093732972,-1.235857912,0.656640137,0.517059001,-0.57023621,-0.196259592,0.55688613,0.056989044,0.291940638,0.123573913,-0.217410825,0.126646164,-0.20877434,-0.518125878,0.175938346,-0.136213895,1.182234976,0.83391011,-0.288211955,0.075026161,-0.207865938,0.36115259,-0.074124525,0.039600427,0.047596738,-0.092729742,-0.012658751,-0.007886202,0.066242275,-0.663869376,-2.199981768,35
68,622500,541500,0,6.295633787,-3.655051178,-1.468239136,0.738710416,0.383620241,-0.733217648,-0.139707078,0.633038251,0.005644474,0.355241572,0.025025533,-0.132699439,0.124484353,-0.210158623,-0.778935264,-0.245392668,-1.065476243,1.895047021,0.920717343,-0.085833087,-0.081192893,-0.244332656,0.230546515,-0.118786029,0.233682712,0.02453594,-0.085578153,-0.048103778,-0.013209284,0.0224742,0.206275535,-2.463685681,35
69,623500,541500,0,5.563549941,-2.743619369,-2.295225956,-2.924356061,-2.640392141,-1.72179364,-0.310150648,0.339691988,0.270830635,-0.034989132,-0.032480234,0.108074178,0.018399736,-0.295675216,-0.129276024,-0.154453238,-0.199069099,1.774732075,0.776651164,0.399231065,-0.607813431,-0.300593838,-0.221842681,-0.232869769,0.490088126,-0.027873721,0.04666398,-0.188648333,-0.014308017,-0.519730574,1.760716907,-0.28278127,35
70,624500,541500,240.9469604,6.108634166,-3.248558288,-1.602104339,-2.15778929,-2.224990022,-1.635432111,-0.439970855,0.662734198,0.057639637,-0.04120503,0.233277093,0.089557921,0.010470273,-0.822979719,-0.312264711,0.236378377,-0.162238716,0.121055902,-0.414060761,0.800711942,3.068593332,-0.770676439,3.652502755,-0.975799044,2.315356115,-1.006008617,0.17966508,-0.810070054,-0.11233902,-1.265488771,2.809926914,2.516827765,35
71,625500,541500,521.6146871,5.923775171,-3.293218863,-1.44493818,0.62203542,0.448457861,-0.373825093,-0.106281095,0.535041667,-0.398798299,0.746150208,-0.178320428,-0.197060666,0.158780225,-1.129645588,0.634523936,0.541190745,0.113289009,1.376853274,0.88946212,-0.274634756,0.05622826,-0.238070996,0.392631739,-0.104410056,0.101768197,0.02567194,-0.088013491,-0.037775873,-0.009223292,0.060070162,-0.547384197,-2.273795648,35
72,626500,541500,1038.125854,6.122617976,-3.029056678,-1.252871749,0.778220008,0.447852458,-0.655462636,-0.370852904,0.625259803,0.222294809,0.113108291,0.196312002,-0.207798532,0.109729476,0.146718609,-0.936289321,-0.042877636,-0.642183529,1.370556653,0.616018512,-0.217396429,0.033274654,-0.193164096,0.272928393,-0.132767897,0.074356225,0.026833561,-0.079926497,-0.0151043,-0.015326531,0.197113977,-0.303049483,-2.098722203,35
73,627500,541500,399.344574,6.844931828,-3.90091107,-0.660806953,1.239408471,0.742683625,-0.251684687,-0.125595728,0.822288893,-0.222949376,0.301188178,0.349935486,-0.231977183,0.153769552,-0.658846902,-0.788069086,-0.069387319,-0.029485926,0.814954032,1.085694995,2.287566781,-0.241025414,3.616085248,0.339609238,0.829630157,-0.877029834,-0.434324364,-0.037917748,0.120346689,0.009859087,-0.234426286,-1.448047512,0.232398879,35
74,628500,541500,399.344574,7.137119023,-4.03858214,-0.475644623,1.501951254,0.10201774,-0.519308887,0.058809176,0.710432805,-0.63728782,0.760475057,0.135236209,-0.136618529,0.027581347,-1.347428902,-0.06344041,-1.218117989,0.287865822,-0.242111147,-1.862708189,0.711976542,-0.680042207,-0.27757696,-0.112046739,6.27E-04,0.276333147,0.04011785,-0.10772359,0.031356888,0.050491396,-0.50711592,0.281905954,-2.110758851,35
75,629500,541500,121.4569702,6.71612184,-4.147028531,-0.990639715,1.714659997,0.770882792,-1.057939062,-0.284646729,0.822663363,-0.616076196,0.839220747,-0.037143562,-0.104528963,0.136552165,-1.630334162,0.257019585,0.4121347,-1.703797163,1.069302356,0.092050737,0.922588156,1.184053363,-3.898774088,-2.296834136,3.333240595,-1.311803124,-1.277637502,0.12039395,-0.096522458,-0.009791013,-1.248344182,-0.846458844,0.857461121,35
76,630500,541500,121.4569702,6.714875253,-4.181560025,-0.958419241,1.645096259,0.807943149,-0.947975713,-0.311021875,0.792498436,-0.480210435,0.70102096,0.028802827,-0.128106605,0.13583387,-1.346213171,0.051779503,0.362988357,-1.501134862,1.059571104,0.182763135,0.886142105,1.198693276,-3.899543273,-2.257683653,3.345092113,-1.317837778,-1.27197236,0.116977714,-0.096004274,-0.008428993,-1.275561611,-1.008400919,0.82780239,35
77,631500,541500,315.9655762,6.417113713,-3.764552679,-0.96936578,1.770372225,0.75256656,-0.993009101,-0.410280458,0.766971261,-0.732344456,0.945911089,-0.110234891,-0.129612178,0.144985759,-1.887040261,0.798595558,0.683934142,-1.359652912,0.807615572,-0.00562664,0.846255987,1.262546348,-3.885316826,-2.247933957,3.336843425,-1.387739737,-1.270926071,0.115839055,-0.084850665,-0.011656843,-1.162477512,-1.138866276,0.971752892,35
78,632500,541500,514.3108823,6.104020888,-3.406806769,-0.913614623,1.528091564,0.737605959,-0.429731223,-0.323607758,0.792810249,-0.841827664,0.970782205,-0.174067426,-0.146054249,0.187481319,-2.015779832,0.943820067,0.75750948,-0.452708276,1.136145496,0.666238928,2.333925849,-0.184937778,3.646342322,0.25849848,0.791232612,-0.832072853,-0.460206098,-0.026351547,0.114921752,0.005825635,0.037139125,-0.971535834,0.207948211,35
79,633500,541500,280.8448578,5.707945177,-2.590324482,-0.738801717,1.630555701,0.186259917,0.112802911,-0.610610605,0.640485417,-0.993364286,1.079684768,-0.368821652,-0.131129713,0.095571528,-2.073054611,1.70404959,0.03779492,0.849948694,0.52047422,-2.515581002,0.58856415,-0.443107366,-0.187477721,-0.071709357,-0.073664115,0.284698279,0.021641862,-0.089929545,0.02050225,0.036879709,0.242599622,0.227490336,-2.009332741,35
80,634500,541500,239.4265974,4.773717906,-2.534195869,-1.219342309,2.330469299,0.722823153,-0.878365412,-1.505575602,0.395604897,-0.923637744,1.354861451,-0.751159782,-0.165133989,0.184690326,-2.459511837,3.593870489,2.304311592,-0.669280594,-0.774703146,-1.06318042,0.190942814,3.955067593,-0.662609668,4.106439229,-0.862309258,1.763996523,-0.859819215,0.014488006,-0.618806771,-0.119035603,-0.135946991,0.832866258,0.653408758,35
81,635500,541500,166.8000031,3.695578525,1.316193271,-0.588938281,-2.572944948,1.726427844,1.672486047,-1.431623127,-0.018047848,-0.883477156,1.207545566,-0.441383327,0.089493389,-0.05044251,-1.299398825,1.153921373,-1.253064079,-0.199615502,1.365797461,0.475431607,-0.290292209,0.00344597,-0.128472008,0.245752783,-0.144399903,0.130506705,-0.075956461,-0.04052042,-0.047991044,-0.01906765,0.142335112,0.041738476,-0.329637917,35
82,636500,541500,166.8000031,3.313305869,1.122377748,-1.035248774,-2.174448239,1.527886508,1.469642065,-2.174543529,-0.429361612,-0.859818525,1.463123711,-0.930374597,0.081264849,-0.027971863,-1.297327282,3.039750376,-0.7876488,-0.456732039,0.85903094,0.50333879,-0.215795844,0.052248216,-0.170415694,0.207183951,-0.127282068,0.071856306,0.010446434,-0.075046585,-0.041636613,-0.020108283,0.144483734,0.108096273,-0.43005939,35
83,637500,541500,1016.400024,3.693541026,1.006039647,-0.584216326,-2.498226384,1.642130967,1.512433522,-1.415801123,0.019039534,-0.894470996,1.203636582,-0.409088034,0.112269446,-0.067185975,-1.296220483,0.956844171,-1.548950717,-0.595736686,1.368654857,0.470550046,-0.250497683,-0.040715751,-0.128871489,0.207520214,-0.149928542,0.158932706,-0.094436088,-0.035892361,-0.052469065,-0.021141935,0.070212901,0.267860142,-0.325135421,35
84,638500,541500,221.0993042,3.901850271,-1.57121586,-0.151232462,1.728394892,1.347393282,-0.27570329,-0.864778337,0.959025114,0.202838775,-0.198894598,0.524227242,-0.262837448,0.136578219,-0.068826579,-1.381885769,1.161269014,-0.351551799,1.044159357,-0.52620314,2.043284149,0.185071487,3.890186095,0.199151619,0.78527189,-1.170024632,-0.441673988,0.001094696,0.2219691,0.003389677,0.945285296,-1.678085063,0.962154993,35
85,639500,541500,112.0955619,4.090919129,-1.694435274,-0.212336038,1.795558832,1.264690845,-0.382708024,-1.074354108,0.737443253,0.262103655,-0.175384875,0.541701636,-0.346902277,0.121428776,0.019442587,-0.721578248,1.290800475,0.092270194,0.072881525,-0.854762053,0.35526457,1.746364791,-3.671619081,-2.082075219,3.374742954,-1.848018244,-1.222634247,0.123676926,0.029730358,-0.011527972,-0.374432802,-2.853540524,1.75885511,35
86,640500,541500,97.38722296,4.42417687,-0.666305918,0.182670033,-1.694373269,2.52800159,1.310521123,-1.544728958,0.113856636,-0.209104279,0.512570629,0.126522601,0.047264711,-0.104042277,-0.179407369,-0.492584295,-1.345600256,-1.372132845,0.725116182,-0.080259275,0.811910597,1.08914544,-3.812749673,-2.385139057,3.303423481,-1.365904601,-1.356366568,0.176294538,-0.101806422,-0.003972563,-1.424052509,-0.73058504,2.952660411,35
87,641500,541500,192.395624,5.210556157,-2.567095741,-0.283578978,1.553763539,1.055400131,-0.266882284,-0.591950831,0.928278455,0.13082711,-0.107936477,0.558788525,-0.278017402,0.129935265,-0.105442625,-1.356027374,0.530882809,-0.185093474,0.688026771,0.078379546,2.148305629,-0.020713881,3.774203433,0.247134244,0.777849439,-1.081123178,-0.449901367,-0.006643408,0.182845049,0.004842744,0.428851112,-1.638449005,0.813450392,35
88,642500,541500,228.6436317,5.201924797,-3.131547074,-0.589574028,1.661121552,1.120382262,-0.195454658,-1.0836708,0.68511616,0.404256414,-0.168870341,0.339710337,-0.294873102,0.126938891,0.348655696,-0.627675877,1.048944744,-0.055076215,-0.253235587,-0.736754485,0.035969268,3.881906471,-0.619493341,4.208874528,-0.869584715,1.814665511,-0.918718648,0.057142146,-0.615040429,-0.108848742,-0.279419666,0.295736132,0.704532666,35
89,643500,541500,285.3294513,5.640168007,-2.957703513,-0.265418265,2.334413233,0.848741564,-1.636918045,-0.919216874,0.782903172,0.222205879,0.070748,0.476522222,-0.232436298,0.060704731,-0.167936896,-0.847607556,0.361028357,-1.893251282,-0.681751212,-0.29823678,2.384068231,-0.176998407,3.737672182,-0.042584411,0.741648087,-1.221504076,-0.42868818,-0.005465762,0.229832827,0.006847883,0.156839165,-0.952517691,1.167600966,35
90,644500,541500,547.6395803,5.241324922,-2.733138053,-0.301085954,1.612123642,1.091186305,-0.731332594,-0.012914946,0.972402336,-0.762766301,0.769862524,0.227196925,-0.17958851,0.145091043,-2.04962542,-0.070225076,0.987818913,-0.368985363,0.584231666,0.152768707,2.161814326,-0.035421901,3.749866978,0.242528922,0.824291966,-1.071875636,-0.473897076,-0.010956303,0.182028234,0.011261911,0.216454452,-1.435321121,0.687936871,35
91,645500,541500,1016.400024,4.828565289,-1.395737796,-1.149809662,0.524238042,0.360110227,-0.100329598,-0.057544513,0.806798509,-0.833906171,0.872470612,-0.045940736,-0.19915517,0.173768173,-1.863830896,0.453103826,0.663566696,0.74630271,1.434784936,0.424725971,-0.506800476,0.338694627,-0.101653445,0.517153558,-0.063447988,-0.034973286,-0.001182658,-0.08699354,0.004774698,-0.020635057,0.573316188,-1.224416846,-2.051347763,35
92,646500,541500,225.1374379,3.957026229,-1.485678784,-1.556916967,-1.868295461,-2.017194102,-1.111016249,-1.375035407,0.536991551,0.312563346,-0.332765145,0.047216333,0.031970523,0.057476768,-0.337262133,0.355279796,1.100505929,0.012666591,1.58201295,-0.427426562,2.731723857,-0.51424464,3.743979906,-0.316144019,0.57929465,-0.671910232,-0.516659786,0.13968784,0.010268301,-0.00929491,0.31242738,0.693891535,2.841187477,35
93,647500,541500,178.5922101,5.119013913,-2.891351185,-0.670409605,1.86311982,1.03628704,-0.315611282,-1.324244606,0.736090642,0.422088316,-0.172615816,0.280796915,-0.27338324,0.120047818,0.385780918,-0.531700305,1.074472654,-0.570543377,-0.148778329,-1.082488467,0.123123342,3.863104935,-0.597375476,4.100609311,-0.924627726,1.825913314,-0.92469011,0.065382573,-0.614501461,-0.115981147,-0.067721591,0.681508735,0.848697638,35
94,648500,541500,177.3559279,5.287976337,-2.849327652,-0.495620422,1.597307343,1.128875098,-0.365268245,-0.516102551,0.975757456,-0.089121688,0.149309064,0.316975423,-0.191505996,0.145735748,-0.590687144,-0.997760876,0.76424428,-0.817699356,1.434229045,-0.011295977,2.282310858,-0.093948719,3.767533679,0.139202393,0.745219262,-0.928764764,-0.470812287,0.004878807,0.153227326,0.003627756,0.501955288,-0.910423514,0.610248806,35
95,649500,541500,552.25,4.777976617,-2.905441863,-1.0554961,0.466677818,1.037987369,0.132950924,-0.252935817,0.674845012,0.399507594,-0.125340754,0.254985186,-0.265336385,0.143315521,0.369438577,-1.175013535,0.891246137,0.30396102,2.046487488,0.352981544,-0.375583158,0.169395224,-0.117532801,0.350447285,-0.135804207,0.065888444,0.012657723,-0.054741044,-0.021586382,-0.006461293,0.533053925,-0.63688803,-2.023083566,35
96,650500,541500,177.1967773,5.230978822,-2.925340831,-0.510567624,1.660138092,1.022043688,-0.238343017,-0.875589222,0.677743857,0.119794334,0.0615374,0.281037437,-0.299094213,0.14863426,-0.191515532,-0.221094616,0.895424891,0.018255532,0.438380391,0.232383696,2.148119591,-0.030987701,3.724802519,0.273744046,0.767656756,-1.085343629,-0.429478461,-0.011790934,0.173450712,0.00802336,0.309336097,-1.708272949,0.742332719,35
97,651500,541500,246.7506409,4.048235103,-1.266674947,-1.994197104,-2.469344778,-2.370080295,-1.779817037,-1.250007286,0.128541079,0.792900025,-0.442185634,0.031353992,-0.018211973,-2.92E-04,0.477667525,0.376937198,0.871712845,0.184104824,0.772626491,-0.167541153,0.146748279,-0.292793841,-0.164602553,-0.232119201,-0.271644957,0.12711499,6.22E-04,0.064700459,-0.101047606,-0.016577761,0.058148108,0.966747238,0.445065682,35
98,652500,541500,51.29000092,3.116137225,-0.623139409,-2.144612368,-2.40978317,-2.482227314,-1.513070608,-1.313181002,0.037603983,0.11058823,0.17275724,-0.363968358,-0.007878821,0.049127992,-0.830684083,2.127937358,1.495536458,0.917076255,0.763104291,-0.228119115,0.011909677,-0.121700465,-0.152849626,-0.107264406,-0.239387994,0.058739412,0.020613831,0.042319961,-0.099473132,-0.022056297,0.278999307,0.554093149,0.435048895,35
99,653500,541500,110.8803864,3.290459534,-0.729117804,-2.181349431,-2.334392107,-2.431278758,-1.416095258,-1.857703798,-0.068545099,0.903668293,-0.52180778,-0.18032009,-0.051619699,0.027931139,0.786573994,1.149197391,1.202964704,0.582625914,1.014206995,-0.28329754,0.040529554,-0.163200285,-0.147681048,-0.166090459,-0.304411731,0.110004838,0.013286007,0.063650406,-0.103166907,-0.025178658,0.362413126,0.734631493,0.434230842,35
100,654500,541500,110.8803864,3.642251335,-1.367767577,-2.78513699,-1.851486234,-2.522240045,-1.287161734,-3.895902173,-0.863411459,2.925843058,-1.927828972,-0.259588552,-0.21168595,0.012663399,4.839761408,0.990869614,1.038424929,0.008444915,0.692551365,-0.08660398,0.171201485,-0.243375592,-0.225961265,-0.280785929,-0.422259209,0.14974088,0.109097747,0.069317361,-0.101026619,-0.024635273,0.351815317,0.881448995,0.242905733,35
